Date,Bullish,Neutral,Bearish,Bullish 8-Week Mov Avg,Bull-Bear Spread
2005-01-06,0.381,0.2738,0.3452,0.5377625,0.0358
2005-01-13,0.3399,0.2614,0.3987,0.500125,-0.0588
2005-01-20,0.3366,0.3267,0.3366,0.48035,0
2005-01-27,0.2643,0.3714,0.3643,0.4424375,-0.1
2005-02-03,0.4167,0.3333,0.25,0.4303375,0.1667
2005-02-10,0.4375,0.3333,0.2292,0.4193625,0.2083
2005-02-17,0.3636,0.3377,0.2987,0.389525,0.0649
2005-02-24,0.3182,0.3636,0.3182,0.357225,0
2005-03-03,0.3951,0.3333,0.2716,0.3589875,0.1235
2005-03-10,0.4966,0.255,0.2483,0.378575,0.2483
2005-03-17,0.3247,0.3506,0.3247,0.3770875,0
2005-03-24,0.2323,0.3484,0.4194,0.3730875,-0.1871
2005-03-31,0.2843,0.2059,0.5098,0.3565375,-0.2255
2005-04-07,0.2774,0.2839,0.4387,0.336525,-0.1613
2005-04-14,0.1648,0.4176,0.4176,0.311675,-0.2528
2005-04-21,0.3684,0.3026,0.3289,0.31795,0.0395
2005-04-28,0.2975,0.3554,0.3471,0.30575,-0.0496
2005-05-05,0.2857,0.2653,0.449,0.2793875,-0.1633
2005-05-12,0.3052,0.3312,0.3636,0.27695,-0.0584
2005-05-19,0.3892,0.3243,0.2865,0.2965625,0.1027
2005-05-26,0.4414,0.3243,0.2342,0.3162,0.2072
2005-06-02,0.4861,0.3194,0.1944,0.3422875,0.2917
2005-06-09,0.4598,0.3448,0.1954,0.3791625,0.2644
2005-06-16,0.4805,0.3312,0.1883,0.393175,0.2922
2005-06-23,0.4659,0.3523,0.1818,0.414225,0.2841
2005-06-30,0.4589,0.2466,0.2945,0.435875,0.1644
2005-07-07,0.430108,0.365591,0.204301,0.4514885,0.225807
2005-07-14,0.5789,0.2807,0.1404,0.475201,0.4385
2005-07-21,0.4118,0.3137,0.2745,0.471501,0.1373
2005-07-28,0.5752,0.2484,0.1765,0.4826385,0.3987
2005-08-04,0.4783,0.2609,0.2609,0.484951,0.2174
2005-08-11,0.3974,0.3141,0.2885,0.4745635,0.1089
2005-08-18,0.2929,0.303,0.404,0.4529385,-0.1111
2005-08-25,0.3614,0.3253,0.3133,0.440751,0.0481
2005-09-01,0.3176,0.3059,0.3765,0.4266875,-0.0589
2005-09-08,0.4231,0.25,0.3269,0.4072125,0.0962
2005-09-15,0.5143,0.2,0.2857,0.420025,0.2286
2005-09-22,0.3947,0.2807,0.3246,0.3974625,0.0701
2005-09-29,0.3188,0.2899,0.3913,0.377525,-0.0725
2005-10-06,0.5,0.2258,0.2742,0.39035,0.2258
2005-10-13,0.3896,0.1299,0.4805,0.4024375,-0.0909
2005-10-20,0.4311,0.2096,0.3593,0.41115,0.0718
2005-10-27,0.3205,0.2179,0.4615,0.4115125,-0.141
2005-11-03,0.4295,0.2949,0.2756,0.4123125,0.1539
2005-11-10,0.5862,0.1839,0.2299,0.4213,0.3563
2005-11-17,0.5363,0.2458,0.2179,0.439,0.3184
2005-11-24,0.5733,0.2667,0.16,0.4708125,0.4133
2005-12-01,0.5247,0.2407,0.2346,0.4739,0.2901
2005-12-08,0.4947,0.3158,0.1895,0.4870375,0.3052
2005-12-15,0.4615,0.3173,0.2212,0.4908375,0.2403
2005-12-22,0.4103,0.3077,0.2821,0.5020625,0.1282
2005-12-29,0.373,0.2619,0.3651,0.495,0.0079
2006-01-05,0.2935,0.3043,0.4022,0.4584125,-0.1087
2006-01-12,0.5896,0.2197,0.1908,0.465075,0.3988
2006-01-19,0.5,0.2417,0.2583,0.4559125,0.2417
2006-01-26,0.3077,0.359,0.3333,0.4287875,-0.0256
2006-02-02,0.447,0.2197,0.3333,0.422825,0.1137
2006-02-09,0.4019,0.2523,0.3458,0.415375,0.0561
2006-02-16,0.4018,0.2411,0.3571,0.4143125,0.0447
2006-02-23,0.4321,0.284,0.284,0.4217,0.1481
2006-03-02,0.4094,0.2992,0.2913,0.4361875,0.1181
2006-03-09,0.4121,0.2802,0.3077,0.414,0.1044
2006-03-16,0.4655,0.2069,0.3276,0.4096875,0.1379
2006-03-23,0.4375,0.2875,0.275,0.4259125,0.1625
2006-03-30,0.3721,0.3023,0.3256,0.41655,0.0465
2006-04-06,0.4767,0.2907,0.2326,0.4259,0.2441
2006-04-13,0.4536,0.268,0.2784,0.432375,0.1752
2006-04-20,0.3373,0.2544,0.4083,0.420525,-0.071
2006-04-27,0.4211,0.2193,0.3596,0.4219875,0.0615
2006-05-04,0.4589,0.2055,0.3356,0.4278375,0.1233
2006-05-11,0.549,0.1765,0.2745,0.438275,0.2745
2006-05-18,0.3939,0.1697,0.4364,0.432825,-0.0425
2006-05-25,0.3304,0.2143,0.4554,0.4276125,-0.125
2006-06-01,0.3077,0.1923,0.5,0.4064875,-0.1923
2006-06-08,0.2623,0.2869,0.4508,0.382575,-0.1885
2006-06-15,0.2641,0.1861,0.5498,0.373425,-0.2857
2006-06-22,0.344,0.24,0.416,0.3637875,-0.072
2006-06-29,0.386,0.2164,0.3977,0.354675,-0.0117
2006-07-06,0.377,0.1967,0.4262,0.333175,-0.0492
2006-07-13,0.365,0.2409,0.3942,0.3295625,-0.0292
2006-07-20,0.2385,0.1835,0.578,0.318075,-0.3395
2006-07-27,0.3488,0.2209,0.4302,0.3232125,-0.0814
2006-08-03,0.3146,0.2135,0.4719,0.32975,-0.1573
2006-08-10,0.3659,0.2195,0.4146,0.342475,-0.0487
2006-08-17,0.3053,0.3368,0.3579,0.3376375,-0.0526
2006-08-24,0.3935,0.2323,0.3742,0.338575,0.0193
2006-08-31,0.4157,0.3258,0.2584,0.3434125,0.1573
2006-09-07,0.4299,0.271,0.2991,0.351525,0.1308
2006-09-14,0.4795,0.137,0.3836,0.38165,0.0959
2006-09-21,0.4775,0.1802,0.3423,0.3977375,0.1352
2006-09-28,0.5132,0.1579,0.3289,0.4225625,0.1843
2006-10-05,0.3778,0.1556,0.4667,0.42405,-0.0889
2006-10-12,0.4898,0.1327,0.3776,0.4471125,0.1122
2006-10-19,0.542,0.1603,0.2977,0.465675,0.2443
2006-10-26,0.5217,0.1739,0.3043,0.478925,0.2174
2006-11-02,0.4375,0.1938,0.3688,0.479875,0.0687
2006-11-09,0.506,0.2289,0.2651,0.4831875,0.2409
2006-11-16,0.4656,0.229,0.3053,0.4817,0.1603
2006-11-23,0.4194,0.1613,0.4194,0.469975,0
2006-11-30,0.4022,0.1229,0.4749,0.473025,-0.0727
2006-12-07,0.3894,0.1947,0.4159,0.460475,-0.0265
2006-12-14,0.4133,0.2067,0.38,0.4443875,0.0333
2006-12-21,0.3908,0.1839,0.4253,0.428025,-0.0345
2006-12-28,0.46,0.18,0.36,0.4308375,0.1
2007-01-04,0.4914,0.2155,0.2931,0.4290125,0.1983
2007-01-11,0.4444,0.213,0.3426,0.4263625,0.1018
2007-01-18,0.5778,0.1515,0.2727,0.4461625,0.3051
2007-01-25,0.3951,0.2716,0.3333,0.445275,0.0618
2007-02-01,0.4632,0.2316,0.3053,0.4545,0.1579
2007-02-08,0.4615,0.2385,0.3,0.460525,0.1615
2007-02-15,0.4757,0.2136,0.3107,0.4711375,0.165
2007-02-22,0.5385,0.2385,0.2231,0.48095,0.3154
2007-03-01,0.3663,0.2376,0.396,0.4653125,-0.0297
2007-03-08,0.358,0.1932,0.4489,0.4545125,-0.0909
2007-03-15,0.3299,0.2165,0.4536,0.423525,-0.1237
2007-03-22,0.4388,0.2302,0.3309,0.4289875,0.1079
2007-03-29,0.4268,0.3171,0.2561,0.4244375,0.1707
2007-04-05,0.3226,0.2796,0.3978,0.407075,-0.0752
2007-04-12,0.4085,0.2113,0.3803,0.398675,0.0282
2007-04-19,0.4694,0.2347,0.2959,0.3900375,0.1735
2007-04-26,0.3924,0.2278,0.3797,0.3933,0.0127
2007-05-03,0.2857,0.1714,0.5429,0.3842625,-0.2572
2007-05-10,0.4286,0.1429,0.4286,0.3966,0
2007-05-17,0.3839,0.25,0.3661,0.3897375,0.0178
2007-05-24,0.3735,0.241,0.3855,0.383075,-0.012
2007-05-31,0.3333,0.2188,0.4479,0.3844125,-0.1146
2007-06-07,0.4059,0.1683,0.4257,0.3840875,-0.0198
2007-06-14,0.373,0.1905,0.4365,0.3720375,-0.0635
2007-06-21,0.4316,0.2316,0.3368,0.3769375,0.0948
2007-06-28,0.3902,0.252,0.3577,0.39,0.0325
2007-07-05,0.4384,0.2329,0.3288,0.391225,0.1096
2007-07-12,0.4364,0.2636,0.3,0.3977875,0.1364
2007-07-19,0.4177,0.2152,0.3671,0.4033125,0.0506
2007-07-26,0.4421,0.1895,0.3684,0.4169125,0.0737
2007-08-02,0.4588,0.1412,0.4,0.423525,0.0588
2007-08-09,0.4576,0.1525,0.3898,0.4341,0.0678
2007-08-16,0.4222,0.1222,0.4556,0.432925,-0.0334
2007-08-23,0.4128,0.156,0.4312,0.43575,-0.0184
2007-08-30,0.403,0.1343,0.4627,0.431325,-0.0597
2007-09-06,0.3838,0.1919,0.4242,0.42475,-0.0404
2007-09-13,0.4,0.2471,0.3529,0.4225375,0.0471
2007-09-20,0.3924,0.2911,0.3165,0.416325,0.0759
2007-09-27,0.4937,0.1646,0.3418,0.4206875,0.1519
2007-10-04,0.5181,0.2289,0.253,0.42825,0.2651
2007-10-11,0.5464,0.1959,0.2577,0.443775,0.2887
2007-10-18,0.4196,0.2232,0.3571,0.444625,0.0625
2007-10-25,0.3125,0.2054,0.4821,0.4333125,-0.1696
2007-11-01,0.4471,0.1882,0.3647,0.441225,0.0824
2007-11-08,0.3619,0.1238,0.5143,0.4364625,-0.1524
2007-11-15,0.3301,0.1748,0.4951,0.428675,-0.165
2007-11-22,0.2558,0.2171,0.5271,0.3989375,-0.2713
2007-11-29,0.2857,0.1531,0.5612,0.3698875,-0.2755
2007-12-06,0.4065,0.1951,0.3984,0.3524,0.0081
2007-12-13,0.4762,0.1667,0.3571,0.359475,0.1191
2007-12-20,0.3585,0.1698,0.4717,0.365225,-0.1132
2007-12-27,0.3,0.2,0.5,0.3468375,-0.2
2008-01-03,0.2571,0.1905,0.5524,0.3337375,-0.2953
2008-01-10,0.1963,0.215,0.5888,0.3170125,-0.3925
2008-01-17,0.243,0.213,0.5444,0.3154125,-0.3014
2008-01-24,0.2514,0.1585,0.5902,0.311125,-0.3388
2008-01-31,0.3008,0.2105,0.4887,0.2979125,-0.1879
2008-02-07,0.3411,0.1869,0.472,0.281025,-0.1309
2008-02-14,0.3333,0.2481,0.4186,0.277875,-0.0853
2008-02-21,0.3318,0.2212,0.447,0.28185,-0.1152
2008-02-28,0.3431,0.2044,0.4526,0.2926,-0.1095
2008-03-06,0.2198,0.2637,0.5165,0.2955375,-0.2967
2008-03-13,0.2042,0.2042,0.5915,0.2906875,-0.3873
2008-03-20,0.2521,0.2051,0.5427,0.290775,-0.2906
2008-03-27,0.416,0.248,0.336,0.305175,0.08
2008-04-03,0.367,0.2394,0.3936,0.3084125,-0.0266
2008-04-10,0.4576,0.1695,0.3729,0.32395,0.0847
2008-04-17,0.3037,0.2094,0.4869,0.3204375,-0.1832
2008-04-24,0.4667,0.2583,0.275,0.3358875,0.1917
2008-05-01,0.5329,0.2039,0.2632,0.375025,0.2697
2008-05-08,0.5281,0.2247,0.2472,0.4155125,0.2809
2008-05-15,0.4516,0.2516,0.2968,0.44045,0.1548
2008-05-22,0.463,0.1944,0.3426,0.446325,0.1204
2008-05-29,0.3136,0.2288,0.4576,0.43965,-0.144
2008-06-05,0.4348,0.1848,0.3804,0.4368,0.0544
2008-06-12,0.3125,0.1518,0.5357,0.4379,-0.2232
2008-06-19,0.3298,0.2128,0.4574,0.4207875,-0.1276
2008-06-26,0.3125,0.1648,0.5227,0.3932375,-0.2102
2008-07-03,0.2393,0.2393,0.5214,0.3571375,-0.2821
2008-07-10,0.2217,0.2266,0.5517,0.3284,-0.33
2008-07-17,0.25,0.1686,0.5814,0.301775,-0.3314
2008-07-24,0.3582,0.2014,0.4403,0.30735,-0.0821
2008-07-31,0.4,0.1882,0.4118,0.303,-0.0118
2008-08-07,0.3561,0.2197,0.4242,0.30845,-0.0681
2008-08-14,0.4286,0.1818,0.3896,0.3208,0.039
2008-08-21,0.381,0.246,0.373,0.3293625,0.008
2008-08-28,0.3068,0.2386,0.4545,0.3378,-0.1477
2008-09-04,0.3704,0.1975,0.4321,0.3563875,-0.0617
2008-09-11,0.2927,0.1585,0.5488,0.361725,-0.2561
2008-09-18,0.2721,0.1837,0.5442,0.3509625,-0.2721
2008-09-25,0.3404,0.2021,0.4574,0.3435125,-0.117
2008-10-02,0.3333,0.1167,0.55,0.3406625,-0.2167
2008-10-09,0.3147,0.0769,0.6084,0.326425,-0.2937
2008-10-16,0.4094,0.193,0.3977,0.329975,0.0117
2008-10-23,0.3874,0.2252,0.3874,0.34005,0
2008-10-30,0.3714,0.2229,0.4057,0.340175,-0.0343
2008-11-06,0.4483,0.2184,0.3333,0.359625,0.115
2008-11-13,0.3833,0.1917,0.425,0.373525,-0.0417
2008-11-20,0.2437,0.1849,0.5714,0.3614375,-0.3277
2008-11-27,0.3125,0.2386,0.4489,0.3588375,-0.1364
2008-12-04,0.2667,0.2556,0.4778,0.3528375,-0.2111
2008-12-11,0.375,0.2266,0.3984,0.3485375,-0.0234
2008-12-18,0.3973,0.2466,0.3562,0.349775,0.0411
2008-12-25,0.2895,0.2719,0.4386,0.3395375,-0.1491
2009-01-01,0.24,0.2133,0.5467,0.3135,-0.3067
2009-01-08,0.487,0.1623,0.3506,0.3264625,0.1364
2009-01-15,0.2763,0.25,0.4737,0.3305375,-0.1974
2009-01-22,0.2721,0.2647,0.4632,0.3254875,-0.1911
2009-01-29,0.2527,0.2747,0.4725,0.3237375,-0.2198
2009-02-05,0.2463,0.3134,0.4403,0.30765,-0.194
2009-02-12,0.3291,0.2785,0.3924,0.299125,-0.0633
2009-02-19,0.2164,0.2164,0.5672,0.2899875,-0.3508
2009-02-26,0.243,0.2056,0.5514,0.2903625,-0.3084
2009-03-05,0.1892,0.1081,0.7027,0.2531375,-0.5135
2009-03-12,0.2764,0.1789,0.5447,0.25315,-0.2683
2009-03-19,0.4506,0.1667,0.3827,0.2754625,0.0679
2009-03-26,0.3913,0.1848,0.4239,0.2927875,-0.0326
2009-04-02,0.4266,0.2028,0.3706,0.315325,0.056
2009-04-09,0.3571,0.2,0.4429,0.318825,-0.0858
2009-04-16,0.4414,0.2,0.3586,0.34695,0.0828
2009-04-23,0.3182,0.2955,0.3864,0.35635,-0.0682
2009-04-30,0.3609,0.203,0.4361,0.3778125,-0.0752
2009-05-07,0.4409,0.2258,0.3333,0.398375,0.1076
2009-05-14,0.4381,0.2095,0.3524,0.3968125,0.0857
2009-05-21,0.3372,0.2093,0.4535,0.39005,-0.1163
2009-05-28,0.4037,0.1101,0.4862,0.3871875,-0.0825
2009-06-04,0.4756,0.1585,0.3659,0.402,0.1097
2009-06-11,0.3925,0.215,0.3925,0.3958875,0
2009-06-18,0.3333,0.2024,0.4643,0.397775,-0.131
2009-06-25,0.28,0.232,0.488,0.3876625,-0.208
2009-07-02,0.3784,0.1757,0.4459,0.37985,-0.0675
2009-07-09,0.2791,0.1744,0.5465,0.359975,-0.2674
2009-07-16,0.2868,0.2426,0.4706,0.353675,-0.1838
2009-07-23,0.376,0.2,0.424,0.3502125,-0.048
2009-07-30,0.4767,0.2093,0.314,0.35035,0.1627
2009-08-06,0.5,0.1484,0.3516,0.3637875,0.1484
2009-08-13,0.51,0.16,0.33,0.385875,0.18
2009-08-20,0.3407,0.2593,0.4,0.3934625,-0.0593
2009-08-27,0.3398,0.1748,0.4854,0.3886375,-0.1456
2009-09-03,0.3797,0.2405,0.3797,0.4012125,0
2009-09-10,0.3733,0.1867,0.44,0.412025,-0.0667
2009-09-17,0.4214,0.1786,0.4,0.4177,0.0214
2009-09-24,0.3909,0.1636,0.4455,0.406975,-0.0546
2009-10-01,0.4355,0.2097,0.3548,0.3989125,0.0807
2009-10-08,0.3509,0.2368,0.4123,0.379025,-0.0614
2009-10-15,0.473,0.1892,0.3378,0.3955625,0.1352
2009-10-22,0.4048,0.2381,0.3571,0.4036875,0.0477
2009-10-29,0.3365,0.2404,0.4231,0.3982875,-0.0866
2009-11-05,0.2222,0.2222,0.5556,0.3794,-0.3334
2009-11-12,0.386,0.228,0.386,0.374975,0
2009-11-19,0.4273,0.2545,0.3182,0.379525,0.1091
2009-11-26,0.4166,0.1666,0.4166,0.3771625,0
2009-12-03,0.4158,0.2475,0.3366,0.385275,0.0792
2009-12-10,0.4268,0.2195,0.3537,0.3795,0.0731
2009-12-17,0.4211,0.2947,0.2842,0.3815375,0.1369
2009-12-24,0.3768,0.2464,0.3768,0.386575,0
2009-12-31,0.4918,0.2787,0.2295,0.420275,0.2623
2010-01-07,0.41,0.33,0.26,0.423275,0.15
2010-01-14,0.4744,0.2564,0.2692,0.4291625,0.2052
2010-01-21,0.4,0.2526,0.3474,0.4270875,0.0526
2010-01-28,0.35,0.2833,0.3667,0.4188625,-0.0167
2010-02-04,0.2923,0.2769,0.4308,0.40205,-0.1385
2010-02-11,0.3675,0.2137,0.4188,0.39535,-0.0513
2010-02-18,0.3585,0.2893,0.3522,0.3930625,0.0063
2010-02-25,0.3489,0.3557,0.2953,0.3752,0.0536
2010-03-04,0.3586,0.3793,0.2621,0.368775,0.0965
2010-03-11,0.4529,0.2941,0.2529,0.3660875,0.2
2010-03-18,0.3537,0.3476,0.2988,0.3603,0.0549
2010-03-25,0.3239,0.3295,0.3466,0.3570375,-0.0227
2010-04-01,0.413,0.2754,0.3116,0.372125,0.1014
2010-04-08,0.4286,0.2679,0.3036,0.3797625,0.125
2010-04-15,0.4848,0.2182,0.297,0.39555,0.1878
2010-04-22,0.3812,0.2762,0.3425,0.3995875,0.0387
2010-04-29,0.4136,0.3,0.2864,0.4064625,0.1272
2010-05-06,0.3913,0.323,0.2857,0.3987625,0.1056
2010-05-13,0.366,0.268,0.366,0.4003,0
2010-05-20,0.413,0.25,0.337,0.4114375,0.076
2010-05-27,0.2983,0.193,0.5088,0.3971,-0.2105
2010-06-03,0.3709,0.2207,0.4085,0.3898875,-0.0376
2010-06-10,0.3448,0.2241,0.431,0.3723875,-0.0862
2010-06-17,0.4245,0.2689,0.3066,0.3778,0.1179
2010-06-24,0.3446,0.3311,0.3243,0.369175,0.0203
2010-07-01,0.2468,0.3333,0.4199,0.3511125,-0.1731
2010-07-08,0.2094,0.2199,0.5707,0.3315375,-0.3613
2010-07-15,0.3937,0.2284,0.378,0.329125,0.0157
2010-07-22,0.3216,0.2281,0.4503,0.3320375,-0.1287
2010-07-29,0.4,0.2667,0.3333,0.335675,0.0667
2010-08-05,0.3039,0.3137,0.3824,0.3305625,-0.0785
2010-08-12,0.3976,0.3012,0.3012,0.3272,0.0964
2010-08-19,0.3011,0.2742,0.4247,0.3217625,-0.1236
2010-08-26,0.2074,0.2979,0.4947,0.3168375,-0.2873
2010-09-02,0.308,0.27,0.4221,0.3291625,-0.1141
2010-09-09,0.4387,0.2451,0.3161,0.3347875,0.1226
2010-09-16,0.5089,0.2485,0.2426,0.3582,0.2663
2010-09-23,0.4497,0.2963,0.254,0.3644125,0.1957
2010-09-30,0.4253,0.2586,0.3161,0.3795875,0.1092
2010-10-07,0.4903,0.2323,0.2774,0.391175,0.2129
2010-10-14,0.471,0.2609,0.2681,0.4124125,0.2029
2010-10-21,0.4962,0.2519,0.2519,0.4485125,0.2443
2010-10-28,0.5123,0.2716,0.216,0.47405,0.2963
2010-11-04,0.4823,0.2199,0.2979,0.4795,0.1844
2010-11-11,0.5756,0.1395,0.2849,0.4878375,0.2907
2010-11-18,0.4,0.275,0.325,0.481625,0.075
2010-11-25,0.474,0.2792,0.2468,0.4877125,0.2272
2010-12-02,0.4966,0.2414,0.2621,0.4885,0.2345
2010-12-09,0.5305,0.2439,0.2256,0.4959375,0.3049
2010-12-16,0.5023,0.2262,0.2715,0.4967,0.2308
2010-12-23,0.6328,0.2031,0.164,0.5117625,0.4688
2010-12-30,0.5161,0.2834,0.2005,0.5159875,0.3156
2011-01-06,0.5588,0.2586,0.1825,0.5138875,0.3763
2011-01-13,0.5234,0.2422,0.2344,0.5293125,0.289
2011-01-20,0.5075,0.2015,0.291,0.5335,0.2165
2011-01-27,0.4204,0.2367,0.3429,0.523975,0.0775
2011-02-03,0.5154,0.2159,0.2687,0.5220875,0.2467
2011-02-10,0.494,0.2369,0.2691,0.52105,0.2249
2011-02-17,0.4658,0.2785,0.2557,0.500175,0.2101
2011-02-24,0.3663,0.2723,0.3614,0.48145,0.0049
2011-03-03,0.3679,0.3005,0.3316,0.4575875,0.0363
2011-03-10,0.3597,0.3171,0.3232,0.437125,0.0365
2011-03-17,0.2849,0.3139,0.4012,0.4093,-0.1163
2011-03-24,0.3774,0.2727,0.3497,0.403925,0.0277
2011-03-31,0.4181,0.2712,0.3107,0.3917625,0.1074
2011-04-07,0.4359,0.2756,0.2885,0.3845,0.1474
2011-04-14,0.4225,0.2676,0.3099,0.3790875,0.1126
2011-04-21,0.3216,0.3684,0.3099,0.3735,0.0117
2011-04-28,0.379,0.3145,0.3065,0.3748875,0.0725
2011-05-05,0.3546,0.3267,0.3187,0.37425,0.0359
2011-05-12,0.3077,0.3373,0.355,0.3771,-0.0473
2011-05-19,0.2669,0.3202,0.4129,0.3632875,-0.146
2011-05-26,0.2561,0.3297,0.4142,0.3430375,-0.1581
2011-06-02,0.3018,0.3639,0.3343,0.326275,-0.0325
2011-06-09,0.2442,0.2791,0.4767,0.3039875,-0.2325
2011-06-16,0.29,0.2825,0.4275,0.3000375,-0.1375
2011-06-23,0.3746,0.268,0.3574,0.2994875,0.0172
2011-06-30,0.3831,0.3149,0.3019,0.30305,0.0812
2011-07-07,0.4177,0.3354,0.2468,0.3168,0.1709
2011-07-14,0.3931,0.3145,0.2925,0.332575,0.1006
2011-07-21,0.3986,0.2954,0.3061,0.3503875,0.0925
2011-07-28,0.3784,0.3074,0.3142,0.3599625,0.0642
2011-08-04,0.2716,0.2299,0.4985,0.3633875,-0.2269
2011-08-11,0.3343,0.2179,0.4478,0.368925,-0.1135
2011-08-18,0.3556,0.2462,0.3982,0.36655,-0.0426
2011-08-25,0.3644,0.226,0.4096,0.3642125,-0.0452
2011-09-01,0.3862,0.2904,0.3234,0.360275,0.0628
2011-09-08,0.3022,0.295,0.4029,0.3489125,-0.1007
2011-09-15,0.305,0.2815,0.4135,0.3372125,-0.1085
2011-09-22,0.2533,0.2667,0.48,0.321575,-0.2267
2011-09-29,0.3251,0.2068,0.4679,0.3282625,-0.1428
2011-10-06,0.3523,0.1904,0.4571,0.3305125,-0.1048
2011-10-13,0.3977,0.2386,0.3636,0.335775,0.0341
2011-10-20,0.3598,0.2941,0.346,0.3352,0.0138
2011-10-27,0.43,0.32,0.25,0.340675,0.18
2011-11-03,0.4018,0.302,0.2962,0.353125,0.1056
2011-11-10,0.4473,0.307,0.2456,0.3709125,0.2017
2011-11-17,0.4193,0.2701,0.3104,0.3916625,0.1089
2011-11-24,0.3271,0.2901,0.3827,0.3919125,-0.0556
2011-12-01,0.3304,0.2753,0.3942,0.389175,-0.0638
2011-12-08,0.3857,0.2666,0.3476,0.387675,0.0381
2011-12-15,0.4018,0.2616,0.3364,0.392925,0.0654
2011-12-22,0.33725,0.38039,0.28235,0.38133125,0.0549
2011-12-29,0.406,0.2857,0.30827,0.38185625,0.09773
2012-01-05,0.4888,0.3395,0.1716,0.38704375,0.3172
2012-01-12,0.4914,0.3368,0.1718,0.39605625,0.3196
2012-01-19,0.4723,0.2915,0.2361,0.41420625,0.2362
2012-01-26,0.483974,0.32692,0.1891,0.433403,0.294874
2012-02-02,0.43806,0.31117,0.25075,0.439948,0.18731
2012-02-09,0.51643,0.28169,0.20187,0.45427675,0.31456
2012-02-16,0.42713,0.30653,0.26633,0.46551175,0.1608
2012-02-23,0.43689,0.28802,0.27508,0.469373,0.16181
2012-03-01,0.44512,0.28658,0.26829,0.463913,0.17683
2012-03-08,0.42379,0.28624,0.28996,0.45546175,0.13383
2012-03-15,0.456067,0.271967,0.271967,0.453432625,0.1841
2012-03-22,0.423841,0.298013,0.278146,0.445916,0.145695
2012-03-29,0.4247,0.3205,0.2548,0.444246,0.1699
2012-04-05,0.381743,0.340249,0.278008,0.427410125,0.103735
2012-04-12,0.281385,0.30303,0.415584,0.409192,-0.134199
2012-04-19,0.311787,0.34981,0.338403,0.393554125,-0.026616
2012-04-26,0.276423,0.349593,0.373984,0.372467,-0.097561
2012-05-03,0.354015,0.361314,0.284672,0.363745125,0.069343
2012-05-10,0.253968,0.325397,0.420635,0.33848275,-0.166667
2012-05-17,0.235821,0.304478,0.459701,0.31498025,-0.22388
2012-05-24,0.304688,0.308594,0.386719,0.29997875,-0.082031
2012-05-31,0.280156,0.299611,0.420233,0.287280375,-0.140077
2012-06-07,0.27451,0.267974,0.457516,0.286421,-0.183006
2012-06-14,0.340351,0.301754,0.357895,0.2899915,-0.017544
2012-06-21,0.328904,0.312292,0.358804,0.296551625,-0.0299
2012-06-28,0.286689,0.269625,0.443686,0.288135875,-0.156997
2012-07-05,0.3264,0.3403,0.3333,0.297189875,-0.0069
2012-07-12,0.302251,0.350482,0.347267,0.305493625,-0.045016
2012-07-19,0.2219,0.360231,0.417867,0.295145125,-0.195967
2012-07-26,0.28115,0.28754,0.43131,0.295269375,-0.15016
2012-08-02,0.304478,0.346269,0.349254,0.299015375,-0.044776
2012-08-09,0.364706,0.361765,0.273529,0.30205975,0.091177
2012-08-16,0.368421,0.350877,0.280702,0.306999375,0.087719
2012-08-23,0.41958,0.321678,0.258741,0.32361075,0.160839
2012-08-30,0.347222,0.326389,0.326389,0.3262135,0.020833
2012-09-06,0.330579,0.338843,0.330579,0.3297545,0
2012-09-13,0.364583,0.305556,0.329861,0.347589875,0.034722
2012-09-20,0.375,0.287162,0.337838,0.359321125,0.037162
2012-09-27,0.361011,0.274368,0.364621,0.36638775,-0.00361
2012-10-04,0.338608,0.329114,0.332278,0.3631255,0.00633
2012-10-11,0.305755,0.305755,0.388489,0.35529225,-0.082734
2012-10-18,0.286604,0.267913,0.445483,0.33867025,-0.158879
2012-10-25,0.292453,0.27673,0.430818,0.331824125,-0.138365
2012-11-01,0.357377,0.232787,0.409836,0.335173875,-0.052459
2012-11-08,0.384977,0.215962,0.399061,0.337723125,-0.014084
2012-11-15,0.288235,0.223529,0.488235,0.3268775,-0.2
2012-11-22,0.358156,0.234043,0.407801,0.326520625,-0.049645
2012-11-28,0.409266,0.247104,0.343629,0.335352875,0.065637
2012-12-06,0.422222,0.231746,0.346032,0.34991125,0.07619
2012-12-13,0.432331,0.266917,0.300752,0.368127125,0.131579
2012-12-20,0.464,0.288,0.248,0.3895705,0.216
2012-12-27,0.44403,0.253731,0.302239,0.400402125,0.141791
2013-01-03,0.387097,0.250896,0.362007,0.400667125,0.02509
2013-01-10,0.464497,0.266272,0.269231,0.422699875,0.195266
2013-01-17,0.439437,0.287324,0.273239,0.43286,0.166198
2013-01-24,0.523392,0.233918,0.24269,0.44712575,0.280702
2013-01-31,0.480447,0.276536,0.243017,0.454403875,0.23743
2013-02-07,0.427673,0.27673,0.295597,0.453821625,0.132076
2013-02-14,0.422535,0.290141,0.287324,0.4486385,0.135211
2013-02-21,0.417857,0.257143,0.325,0.445366875,0.092857
2013-02-28,0.283912,0.350158,0.365931,0.43246875,-0.082019
2013-03-07,0.310559,0.304348,0.385093,0.4132265,-0.074534
2013-03-14,0.4542,0.2255,0.3203,0.415071875,0.1339
2013-03-21,0.389439,0.277228,0.333333,0.39832775,0.056106
2013-03-28,0.383954,0.329513,0.286533,0.386266125,0.097421
2013-04-04,0.35493,0.36338,0.28169,0.37717325,0.07324
2013-04-11,0.193103,0.262069,0.544828,0.34849425,-0.351725
2013-04-18,0.268493,0.249315,0.482192,0.32982375,-0.213699
2013-04-25,0.282895,0.328947,0.388158,0.329696625,-0.105263
2013-05-02,0.309859,0.330986,0.359155,0.329609125,-0.049296
2013-05-09,0.407942,0.31769,0.274368,0.323826875,0.133574
2013-05-16,0.384858,0.321767,0.293375,0.32325425,0.091483
2013-05-23,0.489726,0.294521,0.215753,0.33647575,0.273973
2013-05-30,0.359684,0.343874,0.296443,0.33707,0.063241
2013-06-06,0.294737,0.315789,0.389474,0.34977425,-0.094737
2013-06-13,0.32973,0.324324,0.345946,0.357428875,-0.016216
2013-06-20,0.374532,0.325843,0.299625,0.3688835,0.074907
2013-06-27,0.302752,0.345566,0.351682,0.367995125,-0.04893
2013-07-04,0.419929,0.341637,0.238434,0.3694935,0.181495
2013-07-11,0.489362,0.32766,0.182979,0.3825565,0.306383
2013-07-18,0.477352,0.310105,0.212544,0.38100975,0.264808
2013-07-25,0.451178,0.323232,0.225589,0.3924465,0.225589
2013-08-01,0.356164,0.393836,0.25,0.400124875,0.106164
2013-08-08,0.394984,0.338558,0.266458,0.408281625,0.128526
2013-08-15,0.34507,0.373239,0.28169,0.404598875,0.06338
2013-08-22,0.289575,0.281853,0.428571,0.40295175,-0.138996
2013-08-29,0.335404,0.357143,0.307453,0.392386125,0.027951
2013-09-05,0.3553,0.3322,0.3125,0.375628375,0.0428
2013-09-12,0.45515,0.299003,0.245847,0.372853125,0.209303
2013-09-19,0.451128,0.25188,0.296992,0.372846875,0.154136
2013-09-26,0.360544,0.333333,0.306122,0.373394375,0.054422
2013-10-03,0.378378,0.320946,0.300676,0.371318625,0.077702
2013-10-10,0.413284,0.250923,0.335793,0.379845375,0.077491
2013-10-17,0.462783,0.288026,0.249191,0.401496375,0.213592
2013-10-24,0.492013,0.332268,0.175719,0.4210725,0.316294
2013-10-31,0.449664,0.33557,0.214765,0.432868,0.234899
2013-11-07,0.454829,0.327103,0.218069,0.432827875,0.23676
2013-11-14,0.391975,0.333333,0.274691,0.42543375,0.117284
2013-11-21,0.343931,0.361272,0.294798,0.423357125,0.049133
2013-11-28,0.473016,0.244444,0.28254,0.435186875,0.190476
2013-12-05,0.426415,0.298113,0.275472,0.43682825,0.150943
2013-12-12,0.412651,0.337349,0.25,0.43056175,0.162651
2013-12-19,0.474576,0.274576,0.250847,0.428382125,0.223729
2013-12-26,0.550562,0.264045,0.185393,0.440994375,0.365169
2014-01-02,0.430894,0.276423,0.292683,0.4380025,0.138211
2014-01-09,0.43617,0.31383,0.25,0.443526875,0.18617
2014-01-16,0.38992,0.395225,0.214854,0.4492755,0.175066
2014-01-23,0.381201,0.381201,0.237598,0.437798625,0.143603
2014-01-30,0.321839,0.350575,0.327586,0.424726625,-0.005747
2014-02-06,0.27896,0.356974,0.364066,0.40801525,-0.085106
2014-02-13,0.401478,0.325123,0.273399,0.398878,0.128079
2014-02-20,0.422,0.35,0.228,0.38280775,0.194
2014-02-27,0.396907,0.391753,0.21134,0.378559375,0.185567
2014-03-06,0.405099,0.328612,0.266289,0.3746755,0.13881
2014-03-13,0.413408,0.318436,0.268156,0.3776115,0.145252
2014-03-20,0.367816,0.37069,0.261494,0.375938375,0.106322
2014-03-27,0.311615,0.402266,0.286119,0.374660375,0.025496
2014-04-03,0.353571,0.378571,0.267857,0.38398675,0.085714
2014-04-10,0.284768,0.374172,0.34106,0.369398,-0.056292
2014-04-17,0.272171,0.385321,0.342508,0.350669375,-0.070337
2014-04-24,0.345029,0.394737,0.260234,0.344184625,0.084795
2014-05-01,0.297735,0.407767,0.294498,0.330764125,0.003237
2014-05-08,0.283439,0.429936,0.286624,0.314518,-0.003185
2014-05-15,0.33121,0.442675,0.226115,0.30994225,0.105095
2014-05-22,0.304348,0.431677,0.263975,0.309033875,0.040373
2014-05-29,0.364641,0.403315,0.232044,0.310417625,0.132597
2014-06-05,0.395062,0.382716,0.222222,0.324204375,0.17284
2014-06-12,0.446875,0.340625,0.2125,0.346042375,0.234375
2014-06-19,0.351744,0.406977,0.241279,0.34688175,0.110465
2014-06-26,0.372208,0.416873,0.210918,0.356190875,0.16129
2014-07-03,0.385075,0.391045,0.223881,0.368895375,0.161194
2014-07-10,0.376404,0.337079,0.286517,0.374544625,0.089887
2014-07-17,0.323625,0.391586,0.28479,0.37695425,0.038835
2014-07-24,0.296296,0.404321,0.299383,0.368411125,-0.003087
2014-07-31,0.311224,0.377551,0.311224,0.357931375,0
2014-08-07,0.308869,0.308869,0.382263,0.340680625,-0.073394
2014-08-14,0.398119,0.332288,0.269592,0.3464775,0.128527
2014-08-21,0.461078,0.302395,0.236527,0.35758625,0.224551
2014-08-28,0.519231,0.288462,0.192308,0.37435575,0.326923
2014-09-04,0.446746,0.313609,0.239645,0.3831485,0.207101
2014-09-11,0.403846,0.330128,0.266026,0.393176125,0.13782
2014-09-18,0.42236,0.347826,0.229814,0.408934125,0.192546
2014-09-25,0.418367,0.29932,0.282313,0.422327,0.136054
2014-10-02,0.354167,0.336806,0.309028,0.42798925,0.045139
2014-10-09,0.398773,0.291411,0.309816,0.428071,0.088957
2014-10-16,0.42663,0.236413,0.336957,0.423765,0.089673
2014-10-23,0.496875,0.278125,0.225,0.4209705,0.271875
2014-10-30,0.493711,0.295597,0.210692,0.426841125,0.283019
2014-11-06,0.526882,0.322581,0.150538,0.442220625,0.376344
2014-11-13,0.57931,0.227586,0.193103,0.461839375,0.386207
2014-11-20,0.491176,0.270588,0.238235,0.4709405,0.252941
2014-11-27,0.521452,0.270627,0.207921,0.491851125,0.313531
2014-12-04,0.426778,0.313808,0.259414,0.49535175,0.167364
2014-12-11,0.450172,0.32646,0.223368,0.4982945,0.226804
2014-12-18,0.387352,0.343874,0.268775,0.484604125,0.118577
2014-12-25,0.509434,0.301887,0.188679,0.4865695,0.320755
2015-01-01,0.517375,0.289575,0.19305,0.485381125,0.324325
2015-01-08,0.410072,0.31295,0.276978,0.464226375,0.133094
2015-01-15,0.461059,0.323988,0.214953,0.46046175,0.246106
2015-01-22,0.371429,0.320635,0.307937,0.441708875,0.063492
2015-01-29,0.441718,0.334356,0.223926,0.443576375,0.217792
2015-02-05,0.354949,0.320819,0.324232,0.4316735,0.030717
2015-02-12,0.4,0.396721,0.203279,0.4332545,0.196721
2015-02-19,0.470199,0.350993,0.178808,0.428350125,0.291391
2015-02-26,0.453731,0.343284,0.202985,0.420394625,0.250746
2015-03-05,0.398026,0.368421,0.233553,0.418888875,0.164473
2015-03-12,0.315961,0.429967,0.254072,0.400751625,0.061889
2015-03-19,0.271605,0.41358,0.314815,0.388273625,-0.04321
2015-03-26,0.384298,0.371901,0.243802,0.381096125,0.140496
2015-04-02,0.353952,0.32646,0.319588,0.3809715,0.034364
2015-04-09,0.287016,0.471526,0.241458,0.3668485,0.045558
2015-04-16,0.320675,0.451477,0.227848,0.348158,0.092827
2015-04-23,0.3147,0.453416,0.231884,0.330779125,0.082816
2015-04-30,0.308362,0.472125,0.219512,0.319571125,0.08885
2015-05-07,0.270563,0.461039,0.268398,0.313896375,0.002165
2015-05-14,0.267442,0.468992,0.263566,0.313376,0.003876
2015-05-21,0.252119,0.497881,0.25,0.296853625,0.002119
2015-05-28,0.270019,0.478585,0.251397,0.286362,0.018622
2015-06-04,0.273399,0.480296,0.246305,0.284659875,0.027094
2015-06-11,0.200375,0.473783,0.325843,0.269622375,-0.125468
2015-06-18,0.254083,0.402904,0.343013,0.26204525,-0.08893
2015-06-25,0.355556,0.427778,0.216667,0.2679445,0.138889
2015-07-02,0.226121,0.423002,0.350877,0.26238925,-0.124756
2015-07-09,0.27907,0.429175,0.291755,0.26384275,-0.012685
2015-07-16,0.308108,0.459459,0.232432,0.270841375,0.075676
2015-07-23,0.3254,0.4187,0.256,0.277764,0.0694
2015-07-30,0.211055,0.38191,0.407035,0.269971,-0.19598
2015-08-06,0.243187,0.440252,0.316562,0.2753225,-0.073375
2015-08-13,0.304519,0.333988,0.361493,0.281627,-0.056974
2015-08-20,0.268199,0.398467,0.333333,0.270707375,-0.065134
2015-08-27,0.325,0.292308,0.382692,0.28306725,-0.057692
2015-09-03,0.323843,0.359431,0.316726,0.288663875,0.007117
2015-09-10,0.346499,0.303411,0.35009,0.29346275,-0.003591
2015-09-17,0.332645,0.376033,0.291322,0.294368375,0.041323
2015-09-24,0.321199,0.391863,0.286938,0.308136375,0.034261
2015-10-01,0.281059,0.319756,0.399185,0.312870375,-0.118126
2015-10-08,0.375238,0.342857,0.281905,0.32171025,0.093333
2015-10-15,0.340816,0.387755,0.271429,0.330787375,0.069387
2015-10-22,0.347656,0.412109,0.240234,0.333619375,0.107422
2015-10-29,0.403922,0.390196,0.205882,0.34362925,0.19804
2015-11-05,0.39,0.424,0.186,0.349066875,0.204
2015-11-12,0.342723,0.42723,0.230047,0.350326625,0.112676
2015-11-19,0.307692,0.386813,0.305495,0.34863825,0.002197
2015-11-26,0.323601,0.416058,0.260341,0.353956,0.06326
2015-12-03,0.294931,0.493088,0.211982,0.343917625,0.082949
2015-12-10,0.285057,0.416092,0.298851,0.33694775,-0.013794
2015-12-17,0.238663,0.367542,0.393795,0.323323625,-0.155132
2015-12-24,0.263804,0.421268,0.314928,0.305808875,-0.051124
2015-12-31,0.250729,0.51312,0.236152,0.2884,0.014577
2016-01-07,0.221739,0.395652,0.382609,0.273277,-0.16087
2016-01-14,0.178988,0.365759,0.455253,0.257189,-0.276265
2016-01-21,0.21521,0.297735,0.487055,0.243640125,-0.271845
2016-01-28,0.297535,0.302817,0.399648,0.243965625,-0.102113
2016-02-04,0.275472,0.377358,0.34717,0.2427675,-0.071698
2016-02-11,0.192385,0.320641,0.486974,0.23698275,-0.294589
2016-02-18,0.275605,0.346369,0.378026,0.238457875,-0.102421
2016-02-25,0.311947,0.373894,0.314159,0.246110125,-0.002212
2016-03-03,0.320158,0.387352,0.29249,0.2584125,0.027668
2016-03-10,0.373576,0.382688,0.243736,0.282736,0.12984
2016-03-17,0.299587,0.431818,0.268595,0.293283125,0.030992
2016-03-24,0.337808,0.425056,0.237136,0.29831725,0.100672
2016-03-31,0.271805,0.470588,0.257606,0.297858875,0.014199
2016-04-07,0.321918,0.46347,0.214612,0.3140505,0.107306
2016-04-14,0.278481,0.472574,0.248945,0.31441,0.029536
2016-04-21,0.334052,0.426724,0.239224,0.317173125,0.094828
2016-04-28,0.273663,0.440329,0.286008,0.31136125,-0.012345
2016-05-05,0.223301,0.473301,0.303398,0.292576875,-0.080097
2016-05-12,0.204082,0.482993,0.312925,0.28063875,-0.108843
2016-05-19,0.193384,0.465649,0.340967,0.26258575,-0.147583
2016-05-26,0.177515,0.5286,0.293886,0.2507995,-0.116371
2016-06-02,0.301676,0.407821,0.290503,0.24826925,0.011173
2016-06-09,0.278317,0.443366,0.278317,0.24824875,0
2016-06-16,0.253472,0.371528,0.375,0.23817625,-0.121528
2016-06-23,0.219697,0.42803,0.352273,0.2314305,-0.132576
2016-06-30,0.289125,0.376658,0.334218,0.2396585,-0.045093
2016-07-07,0.310573,0.422907,0.26652,0.252969875,0.044053
2016-07-14,0.368664,0.387097,0.24424,0.274879875,0.124424
2016-07-21,0.354251,0.378543,0.267206,0.296971875,0.087045
2016-07-28,0.3125,0.403409,0.284091,0.298324875,0.028409
2016-08-04,0.297872,0.434397,0.26773,0.30076925,0.030142
2016-08-11,0.312925,0.419501,0.267574,0.308200875,0.045351
2016-08-18,0.355649,0.380753,0.263598,0.325194875,0.092051
2016-08-25,0.294243,0.409382,0.296375,0.325834625,-0.002132
2016-09-01,0.286,0.3987,0.3152,0.322763,-0.0292
2016-09-08,0.297468,0.417722,0.28481,0.3138635,0.012658
2016-09-15,0.279379,0.361419,0.359202,0.3045045,-0.079823
2016-09-22,0.24826,0.36891,0.382831,0.2964745,-0.134571
2016-09-29,0.24,0.388889,0.371111,0.2892405,-0.131111
2016-10-06,0.287946,0.433036,0.279018,0.286118125,0.008928
2016-10-13,0.254717,0.408019,0.337264,0.273501625,-0.082547
2016-10-20,0.237395,0.384454,0.378151,0.266395625,-0.140756
2016-10-27,0.247549,0.411765,0.340686,0.26158925,-0.093137
2016-11-03,0.236364,0.420455,0.343182,0.25395125,-0.106818
2016-11-10,0.388889,0.317778,0.293333,0.26764,0.095556
2016-11-17,0.466531,0.267748,0.26572,0.294923875,0.200811
2016-11-24,0.498938,0.280255,0.220807,0.327291125,0.278131
2016-12-01,0.437751,0.311245,0.251004,0.34601675,0.186747
2016-12-08,0.431211,0.303901,0.264887,0.3680785,0.166324
2016-12-15,0.446575,0.230137,0.323288,0.394226,0.123287
2016-12-22,0.446064,0.262391,0.291545,0.419040375,0.154519
2016-12-29,0.455696,0.28692,0.257384,0.446456875,0.198312
2017-01-05,0.462006,0.285714,0.25228,0.4555965,0.209726
2017-01-12,0.436364,0.293939,0.269697,0.451825625,0.166667
2017-01-19,0.370079,0.30315,0.326772,0.43571825,0.043307
2017-01-26,0.315789,0.349282,0.334928,0.420473,-0.019139
2017-02-02,0.327982,0.330275,0.341743,0.407569375,-0.013761
2017-02-09,0.358025,0.365432,0.276543,0.396500625,0.081482
2017-02-16,0.330909,0.345455,0.323636,0.38210625,0.007273
2017-02-23,0.384615,0.292308,0.323077,0.373221125,0.061538
2017-03-02,0.379085,0.264706,0.356209,0.362856,0.022876
2017-03-09,0.3,0.235,0.465,0.3458105,-0.165
2017-03-16,0.311688,0.301299,0.387013,0.338511625,-0.075325
2017-03-23,0.352785,0.342175,0.30504,0.343136125,0.047745
2017-03-30,0.302181,0.323988,0.373832,0.339911,-0.071651
2017-04-06,0.283019,0.320755,0.396226,0.33053525,-0.113207
2017-04-13,0.28972,0.336449,0.373832,0.325386625,-0.084112
2017-04-20,0.257062,0.355932,0.387006,0.3094425,-0.129944
2017-04-27,0.380488,0.302439,0.317073,0.309617875,0.063415
2017-05-04,0.380711,0.319797,0.299492,0.31970675,0.081219
2017-05-11,0.327338,0.370504,0.302158,0.321663,0.02518
2017-05-18,0.238532,0.41896,0.342508,0.307381375,-0.103976
2017-05-25,0.328571,0.371429,0.3,0.310680125,0.028571
2017-06-01,0.269231,0.415385,0.315385,0.308956625,-0.046154
2017-06-08,0.354331,0.350394,0.295276,0.317033,0.059055
2017-06-15,0.322709,0.38247,0.294821,0.325238875,0.027888
2017-06-22,0.326531,0.384354,0.289116,0.31849425,0.037415
2017-06-29,0.297143,0.434286,0.268571,0.30804825,0.028572
2017-07-06,0.295775,0.405634,0.298592,0.304102875,-0.002817
2017-07-13,0.282407,0.421296,0.296296,0.30958725,-0.013889
2017-07-20,0.354839,0.387097,0.258065,0.31287075,0.096774
2017-07-27,0.344595,0.412162,0.243243,0.32229125,0.101352
2017-08-03,0.361111,0.317901,0.320988,0.32313875,0.040123
2017-08-10,0.336667,0.34,0.323333,0.3248835,0.013334
2017-08-17,0.341743,0.330275,0.327982,0.326785,0.013761
2017-08-24,0.280992,0.336088,0.38292,0.324766125,-0.101928
2017-08-31,0.25,0.351064,0.398936,0.31904425,-0.148936
2017-09-07,0.292776,0.34981,0.357414,0.320340375,-0.064638
2017-09-14,0.412879,0.367424,0.219697,0.327595375,0.193182
2017-09-21,0.401361,0.326531,0.272109,0.334691125,0.129252
2017-09-28,0.333333,0.37931,0.287356,0.331218875,0.045977
2017-10-05,0.356,0.316,0.328,0.3336355,0.028
2017-10-12,0.397661,0.333333,0.269006,0.34062525,0.128655
2017-10-19,0.37931,0.341379,0.27931,0.352915,0.1
2017-10-26,0.396396,0.273273,0.33033,0.3712145,0.066066
2017-11-02,0.450549,0.263736,0.285714,0.390936125,0.164835
2017-11-09,0.451049,0.318182,0.230769,0.395707375,0.22028
2017-11-16,0.293478,0.354348,0.352174,0.382222,-0.058696
2017-11-23,0.35493,0.35493,0.290141,0.384921625,0.064789
2017-11-30,0.359459,0.324324,0.316216,0.385354,0.043243
2017-12-07,0.368771,0.289037,0.342193,0.38174275,0.026578
2017-12-14,0.45,0.26875,0.28125,0.390579,0.16875
2017-12-21,0.504975,0.238806,0.256219,0.404151375,0.248756
2017-12-28,0.526455,0.267196,0.206349,0.413639625,0.320106
2018-01-04,0.597531,0.246914,0.155556,0.431949875,0.441975
2018-01-11,0.486726,0.262537,0.250737,0.456105875,0.235989
2018-01-18,0.541133,0.244973,0.213894,0.47938125,0.327239
2018-01-25,0.454545,0.305195,0.24026,0.491267,0.214285
2018-02-01,0.447712,0.264706,0.287582,0.501134625,0.16013
2018-02-08,0.370277,0.279597,0.350126,0.49116925,0.020151
2018-02-15,0.485194,0.300683,0.214123,0.488696625,0.271071
2018-02-22,0.446512,0.325581,0.227907,0.47870375,0.218605
2018-03-01,0.372832,0.393064,0.234104,0.450616375,0.138728
2018-03-08,0.264026,0.452145,0.283828,0.422778875,-0.019802
2018-03-15,0.368421,0.418283,0.213296,0.401189875,0.155125
2018-03-22,0.332344,0.382789,0.284866,0.38591475,0.047478
2018-03-29,0.319361,0.327345,0.353293,0.369870875,-0.033932
2018-04-05,0.318966,0.314655,0.366379,0.363457,-0.047413
2018-04-12,0.26087,0.311594,0.427536,0.3354165,-0.166666
2018-04-19,0.377834,0.329975,0.292191,0.32683175,0.085643
2018-04-26,0.369085,0.375394,0.255521,0.326363375,0.113564
2018-05-03,0.283951,0.41358,0.302469,0.328854,-0.018518
2018-05-10,0.335106,0.409574,0.255319,0.324689625,0.079787
2018-05-17,0.366755,0.427441,0.205805,0.328991,0.16095
2018-05-24,0.385621,0.362745,0.251634,0.3372735,0.133987
2018-05-31,0.350181,0.386282,0.263538,0.341175375,0.086643
2018-06-07,0.389313,0.343511,0.267176,0.35723075,0.122137
2018-06-14,0.447802,0.335165,0.217033,0.36597675,0.230769
2018-06-21,0.387187,0.350975,0.261838,0.3682395,0.125349
2018-06-28,0.284483,0.307471,0.408046,0.368306,-0.123563
2018-07-05,0.278552,0.328691,0.392758,0.36123675,-0.114206
2018-07-12,0.430508,0.277966,0.291525,0.369205875,0.138983
2018-07-19,0.346633,0.40399,0.249377,0.364332375,0.097256
2018-07-26,0.315217,0.415761,0.269022,0.359961875,0.046195
2018-08-02,0.291105,0.38814,0.320755,0.347685875,-0.02965
2018-08-09,0.363636,0.326019,0.310345,0.337165125,0.053291
2018-08-16,0.361702,0.347518,0.29078,0.3339795,0.070922
2018-08-23,0.384615,0.344729,0.270655,0.346496,0.11396
2018-08-30,0.434959,0.321138,0.243902,0.366046875,0.191057
2018-09-06,0.422222,0.314815,0.262963,0.365011125,0.159259
2018-09-13,0.320896,0.350746,0.328358,0.361794,-0.007462
2018-09-20,0.320423,0.359155,0.320423,0.36244475,0
2018-09-27,0.362205,0.326772,0.311024,0.37133225,0.051181
2018-10-04,0.456621,0.292237,0.251142,0.382955375,0.205479
2018-10-11,0.306061,0.339394,0.354545,0.37600025,-0.048484
2018-10-18,0.33935,0.310469,0.350181,0.370342125,-0.010831
2018-10-25,0.279693,0.310345,0.409962,0.350933875,-0.130269
2018-11-01,0.37931,0.275862,0.344828,0.345569875,0.034482
2018-11-08,0.412844,0.275229,0.311927,0.357063375,0.100917
2018-11-15,0.350877,0.289474,0.359649,0.360870125,-0.008772
2018-11-22,0.252525,0.276094,0.47138,0.347160125,-0.218855
2018-11-29,0.338816,0.266447,0.394737,0.3324345,-0.055921
2018-12-06,0.379433,0.315603,0.304965,0.341606,0.074468
2018-12-13,0.20904,0.30226,0.488701,0.32531725,-0.279661
2018-12-20,0.248649,0.278378,0.472973,0.32143675,-0.224324
2018-12-27,0.315476,0.181548,0.502976,0.3134575,-0.1875
2019-01-03,0.330189,0.242138,0.427673,0.303125625,-0.097484
2019-01-10,0.384615,0.321678,0.293706,0.307342875,0.090909
2019-01-17,0.335347,0.302115,0.362538,0.317695625,-0.027191
2019-01-24,0.37659,0.300254,0.323155,0.322417375,0.053435
2019-01-31,0.317568,0.364865,0.317568,0.31468425,0
2019-02-07,0.398734,0.373418,0.227848,0.338396,0.170886
2019-02-14,0.351032,0.39823,0.250737,0.351193875,0.100295
2019-02-21,0.393189,0.352941,0.25387,0.360908,0.139319
2019-02-28,0.416327,0.383673,0.2,0.37167525,0.216327
2019-03-07,0.37386,0.358663,0.267477,0.370330875,0.106383
2019-03-14,0.324232,0.365188,0.31058,0.3689415,0.013652
2019-03-21,0.373016,0.392857,0.234127,0.36849475,0.138889
2019-03-28,0.332,0.396,0.272,0.37029875,0.06
2019-04-04,0.350211,0.367089,0.2827,0.364233375,0.067511
2019-04-11,0.402878,0.393285,0.203837,0.370714125,0.199041
2019-04-18,0.375635,0.406091,0.218274,0.368519875,0.157361
2019-04-25,0.335227,0.463068,0.201705,0.358382375,0.133522
2019-05-02,0.390244,0.396341,0.213415,0.360430375,0.176829
2019-05-09,0.431159,0.336957,0.231884,0.37379625,0.199275
2019-05-16,0.298246,0.308772,0.392982,0.36445,-0.094736
2019-05-23,0.247059,0.392157,0.360784,0.353832375,-0.113725
2019-05-30,0.247934,0.35124,0.400826,0.34104775,-0.152892
2019-06-06,0.225275,0.348901,0.425824,0.318847375,-0.200549
2019-06-13,0.268398,0.38961,0.341991,0.30544275,-0.073593
2019-06-20,0.295082,0.383607,0.321311,0.300424625,-0.026229
2019-06-27,0.29589,0.383562,0.320548,0.288630375,-0.024658
2019-07-03,0.331551,0.34492,0.323529,0.276179375,0.008022
2019-07-11,0.336111,0.388889,0.275,0.2809125,0.061111
2019-07-18,0.359296,0.354271,0.286432,0.294942125,0.072864
2019-07-25,0.317416,0.36236,0.320225,0.303627375,-0.002809
2019-08-01,0.384375,0.375,0.240625,0.323514875,0.14375
2019-08-08,0.216561,0.301486,0.481953,0.31703525,-0.265392
2019-08-15,0.23176,0.319742,0.448498,0.30912,-0.216738
2019-08-22,0.266355,0.336449,0.397196,0.305428125,-0.130841
2019-08-29,0.261307,0.316583,0.422111,0.296647625,-0.160804
2019-09-05,0.28642,0.318519,0.395062,0.29043625,-0.108642
2019-09-12,0.33125,0.35625,0.3125,0.2869305,0.01875
2019-09-19,0.353383,0.368421,0.278195,0.291426375,0.075188
2019-09-26,0.293737,0.37365,0.332613,0.280096625,-0.038876
2019-10-03,0.21374,0.391858,0.394402,0.279744,-0.180662
2019-10-10,0.203085,0.357326,0.439589,0.276159625,-0.236504
2019-10-17,0.336182,0.353276,0.310541,0.284888,0.025641
2019-10-24,0.356021,0.361257,0.282723,0.29672725,0.073298
2019-10-31,0.339759,0.375904,0.284337,0.303394625,0.055422
2019-11-07,0.403023,0.357683,0.239295,0.31236625,0.163728
2019-11-14,0.407229,0.344578,0.248193,0.319097,0.159036
2019-11-21,0.342432,0.367246,0.290323,0.325183875,0.052109
2019-11-29,0.336391,0.360856,0.302752,0.34051525,0.033639
2019-12-05,0.317152,0.391586,0.291262,0.354773625,0.02589
2019-12-12,0.376316,0.363158,0.260526,0.359790375,0.11579
2019-12-19,0.440945,0.354331,0.204724,0.370405875,0.236221
2019-12-26,0.418879,0.365782,0.215339,0.380295875,0.20354
2020-01-02,0.372159,0.409091,0.21875,0.376437875,0.153409
2020-01-09,0.330688,0.37037,0.298942,0.36687025,0.031746
2020-01-16,0.418338,0.30659,0.275072,0.3763585,0.143266
2020-01-23,0.456019,0.296296,0.247685,0.391312,0.208334
2020-01-30,0.319783,0.311653,0.368564,0.391640875,-0.048781
2020-02-06,0.33871,0.30914,0.352151,0.386940125,-0.013441
2020-02-13,0.413333,0.322667,0.264,0.383488625,0.149333
2020-02-20,0.405594,0.307692,0.286713,0.381828,0.118881
2020-02-27,0.304348,0.304348,0.391304,0.373351625,-0.086956
2020-03-05,0.387387,0.216216,0.396396,0.380439,-0.009009
2020-03-12,0.297386,0.189542,0.513072,0.36532,-0.215686
2020-03-19,0.343511,0.145038,0.51145,0.3512565,-0.167939
2020-03-26,0.329016,0.150259,0.520725,0.352410625,-0.191709
2020-04-02,0.342391,0.160326,0.497283,0.35287075,-0.154892
2020-04-09,0.365994,0.18732,0.446686,0.346953375,-0.080692
2020-04-16,0.348601,0.223919,0.427481,0.33982925,-0.07888
2020-04-23,0.248634,0.251366,0.5,0.332865,-0.251366
2020-04-30,0.30597,0.253731,0.440299,0.322687875,-0.134329
2020-05-07,0.236686,0.236686,0.526627,0.315100375,-0.289941
2020-05-14,0.233129,0.260736,0.506135,0.301302625,-0.273006
2020-05-21,0.290043,0.25974,0.450216,0.296431,-0.160173
2020-05-28,0.330709,0.248031,0.42126,0.29497075,-0.090551
2020-06-04,0.345515,0.265781,0.388704,0.292410875,-0.043189
2020-06-11,0.342767,0.27673,0.380503,0.291681625,-0.037736
2020-06-18,0.243671,0.278481,0.477848,0.29106125,-0.234177
2020-06-25,0.241379,0.269592,0.489028,0.282987375,-0.247649
2020-07-02,0.221519,0.31962,0.458861,0.2810915,-0.237342
2020-07-09,0.271552,0.301724,0.426724,0.285894375,-0.155172
2020-07-16,0.30837,0.237885,0.453744,0.28818525,-0.145374
2020-07-23,0.260563,0.271127,0.46831,0.279417,-0.207747
2020-07-30,0.20229,0.312977,0.484733,0.261513875,-0.282443
2020-08-06,0.232877,0.291096,0.476027,0.247777625,-0.24315
2020-08-13,0.300366,0.278388,0.421245,0.2548645,-0.120879
2020-08-20,0.303887,0.272085,0.424028,0.262678,-0.120141
2020-08-27,0.320755,0.283019,0.396226,0.2750825,-0.075471
2020-09-03,0.308017,0.274262,0.417722,0.279640625,-0.109705
2020-09-10,0.237113,0.278351,0.484536,0.2707335,-0.247423
2020-09-17,0.320197,0.275862,0.403941,0.27818775,-0.083744
